{
  "criteria": {
    "light_level_10": {
      "trigger": "minecraft:tick",
      "conditions": {
		"player": [
			{
				"condition": "minecraft:entity_properties",
					"predicate": {
						"nbt": "{Tags:[\"pdl_in_water\"]}"
					},
					"entity": "this"
			},
			{
			"condition": "minecraft:alternative",
			"terms": [
				{
					"condition": "minecraft:entity_properties",
					"predicate": {
						"nbt": "{SelectedItem:{id:\"minecraft:crying_obsidian\"}}"
					},
					"entity": "this"
				},
				{
					"condition": "minecraft:entity_properties",
					"predicate": {
						"nbt": "{Inventory:[{Slot:-106b,id:\"minecraft:crying_obsidian\"}]}"
					},
					"entity": "this"
				},
				{
					"condition": "minecraft:entity_properties",
					"predicate": {
						"nbt": "{SelectedItem:{id:\"minecraft:glowstone_dust\"}}"
					},
					"entity": "this"
				},
				{
					"condition": "minecraft:entity_properties",
					"predicate": {
						"nbt": "{Inventory:[{Slot:-106b,id:\"minecraft:glowstone_dust\"}]}"
					},
					"entity": "this"
				},
				{
					"condition": "minecraft:entity_properties",
					"predicate": {
						"nbt": "{SelectedItem:{id:\"minecraft:prismarine_crystals\"}}"
					},
					"entity": "this"
				},
				{
					"condition": "minecraft:entity_properties",
					"predicate": {
						"nbt": "{Inventory:[{Slot:-106b,id:\"minecraft:prismarine_crystals\"}]}"
					},
					"entity": "this"
				},
				{
					"condition": "minecraft:entity_properties",
					"predicate": {
						"nbt": "{SelectedItem:{id:\"minecraft:soul_lantern\"}}"
					},
					"entity": "this"
				},
				{
					"condition": "minecraft:entity_properties",
					"predicate": {
						"nbt": "{Inventory:[{Slot:-106b,id:\"minecraft:soul_lantern\"}]}"
					},
					"entity": "this"
				}
			]
			}
		]
      }
    }
  },
  "rewards": {
    "function": "paint:pdl/water/10"
  },
  "requirements": [
	[
	  "light_level_10"
    ]
  ]
}