{
  "criteria": {
    "light_level_15": {
      "trigger": "minecraft:tick",
      "conditions": {
		"player": [
			{
				"condition": "minecraft:entity_properties",
					"predicate": {
						"nbt": "{Tags:[\"pdl_in_air\"]}"
					},
					"entity": "this"
			},
			{
			"condition": "minecraft:alternative",
			"terms": [
				{
					"condition": "minecraft:entity_properties",
					"predicate": {
						"nbt": "{SelectedItem:{id:\"minecraft:beacon\"}}"
					},
					"entity": "this"
				},
				{
					"condition": "minecraft:entity_properties",
					"predicate": {
						"nbt": "{Inventory:[{Slot:-106b,id:\"minecraft:beacon\"}]}"
					},
					"entity": "this"
				},
				{
					"condition": "minecraft:entity_properties",
					"predicate": {
						"nbt": "{SelectedItem:{id:\"minecraft:campfire\"}}"
					},
					"entity": "this"
				},
				{
					"condition": "minecraft:entity_properties",
					"predicate": {
						"nbt": "{Inventory:[{Slot:-106b,id:\"minecraft:campfire\"}]}"
					},
					"entity": "this"
				},
				{
					"condition": "minecraft:entity_properties",
					"predicate": {
						"nbt": "{SelectedItem:{id:\"minecraft:conduit\"}}"
					},
					"entity": "this"
				},
				{
					"condition": "minecraft:entity_properties",
					"predicate": {
						"nbt": "{Inventory:[{Slot:-106b,id:\"minecraft:conduit\"}]}"
					},
					"entity": "this"
				},
				{
					"condition": "minecraft:entity_properties",
					"predicate": {
						"nbt": "{SelectedItem:{id:\"minecraft:glowstone\"}}"
					},
					"entity": "this"
				},
				{
					"condition": "minecraft:entity_properties",
					"predicate": {
						"nbt": "{Inventory:[{Slot:-106b,id:\"minecraft:glowstone\"}]}"
					},
					"entity": "this"
				},
				{
					"condition": "minecraft:entity_properties",
					"predicate": {
						"nbt": "{SelectedItem:{id:\"minecraft:jack_o_lantern\"}}"
					},
					"entity": "this"
				},
				{
					"condition": "minecraft:entity_properties",
					"predicate": {
						"nbt": "{Inventory:[{Slot:-106b,id:\"minecraft:jack_o_lantern\"}]}"
					},
					"entity": "this"
				},
				{
					"condition": "minecraft:entity_properties",
					"predicate": {
						"nbt": "{SelectedItem:{id:\"minecraft:lantern\"}}"
					},
					"entity": "this"
				},
				{
					"condition": "minecraft:entity_properties",
					"predicate": {
						"nbt": "{Inventory:[{Slot:-106b,id:\"minecraft:lantern\"}]}"
					},
					"entity": "this"
				},
				{
					"condition": "minecraft:entity_properties",
					"predicate": {
						"nbt": "{SelectedItem:{id:\"minecraft:lava_bucket\"}}"
					},
					"entity": "this"
				},
				{
					"condition": "minecraft:entity_properties",
					"predicate": {
						"nbt": "{Inventory:[{Slot:-106b,id:\"minecraft:lava_bucket\"}]}"
					},
					"entity": "this"
				},
				{
					"condition": "minecraft:entity_properties",
					"predicate": {
						"nbt": "{SelectedItem:{id:\"minecraft:shroomlight\"}}"
					},
					"entity": "this"
				},
				{
					"condition": "minecraft:entity_properties",
					"predicate": {
						"nbt": "{Inventory:[{Slot:-106b,id:\"minecraft:shroomlight\"}]}"
					},
					"entity": "this"
				},
				{
					"condition": "minecraft:entity_properties",
					"predicate": {
						"nbt": "{SelectedItem:{id:\"minecraft:ochre_froglight\"}}"
					},
					"entity": "this"
				},
				{
					"condition": "minecraft:entity_properties",
					"predicate": {
						"nbt": "{Inventory:[{Slot:-106b,id:\"minecraft:ochre_froglight\"}]}"
					},
					"entity": "this"
				},
				{
					"condition": "minecraft:entity_properties",
					"predicate": {
						"nbt": "{SelectedItem:{id:\"minecraft:pearlescent_froglight\"}}"
					},
					"entity": "this"
				},
				{
					"condition": "minecraft:entity_properties",
					"predicate": {
						"nbt": "{Inventory:[{Slot:-106b,id:\"minecraft:pearlescent_froglight\"}]}"
					},
					"entity": "this"
				},
				{
					"condition": "minecraft:entity_properties",
					"predicate": {
						"nbt": "{SelectedItem:{id:\"minecraft:sea_lantern\"}}"
					},
					"entity": "this"
				},
				{
					"condition": "minecraft:entity_properties",
					"predicate": {
						"nbt": "{Inventory:[{Slot:-106b,id:\"minecraft:sea_lantern\"}]}"
					},
					"entity": "this"
				},
				{
					"condition": "minecraft:entity_properties",
					"predicate": {
						"nbt": "{SelectedItem:{id:\"minecraft:verdant_froglight\"}}"
					},
					"entity": "this"
				},
				{
					"condition": "minecraft:entity_properties",
					"predicate": {
						"nbt": "{Inventory:[{Slot:-106b,id:\"minecraft:verdant_froglight\"}]}"
					},
					"entity": "this"
				}
				]
				}
		]
      }
    }
  },
  "rewards": {
    "function": "paint:pdl/air/15"
  },
  "requirements": [
	[
	  "light_level_15"
    ]
  ]
}