{
  "criteria": {
    "light_level_3": {
      "trigger": "minecraft:tick",
      "conditions": {
		"player": [
			{
				"condition": "minecraft:entity_properties",
					"predicate": {
						"nbt": "{Tags:[\"pdl_in_air\"]}"
					},
					"entity": "this"
			},
			{
			"condition": "minecraft:alternative",
			"terms": [
				{
					"condition": "minecraft:entity_properties",
					"predicate": {
						"nbt": "{SelectedItem:{id:\"minecraft:magma_block\"}}"
					},
					"entity": "this"
				},
				{
					"condition": "minecraft:entity_properties",
					"predicate": {
						"nbt": "{Inventory:[{Slot:-106b,id:\"minecraft:magma_block\"}]}"
					},
					"entity": "this"
				}
			]
			}
		]
      }
    }
  },
  "rewards": {
    "function": "paint:pdl/air/3"
  },
  "requirements": [
	[
	  "light_level_3"
    ]
  ]
}