{
  "criteria": {
    "light_level_7": {
      "trigger": "minecraft:tick",
      "conditions": {
		"player": [
			{
				"condition": "minecraft:entity_properties",
					"predicate": {
						"nbt": "{Tags:[\"pdl_in_air\"]}"
					},
					"entity": "this"
			},
			{
			"condition": "minecraft:alternative",
			"terms": [
				{
					"condition": "minecraft:entity_properties",
					"predicate": {
						"nbt": "{SelectedItem:{id:\"minecraft:blaze_powder\"}}"
					},
					"entity": "this"
				},
				{
					"condition": "minecraft:entity_properties",
					"predicate": {
						"nbt": "{Inventory:[{Slot:-106b,id:\"minecraft:blaze_powder\"}]}"
					},
					"entity": "this"
				},
				{
					"condition": "minecraft:entity_properties",
					"predicate": {
						"nbt": "{SelectedItem:{id:\"minecraft:ender_chest\"}}"
					},
					"entity": "this"
				},
				{
					"condition": "minecraft:entity_properties",
					"predicate": {
						"nbt": "{Inventory:[{Slot:-106b,id:\"minecraft:ender_chest\"}]}"
					},
					"entity": "this"
				},
				{
					"condition": "minecraft:entity_properties",
					"predicate": {
						"nbt": "{SelectedItem:{id:\"minecraft:ender_eye\"}}"
					},
					"entity": "this"
				},
				{
					"condition": "minecraft:entity_properties",
					"predicate": {
						"nbt": "{Inventory:[{Slot:-106b,id:\"minecraft:ender_eye\"}]}"
					},
					"entity": "this"
				},
				{
					"condition": "minecraft:entity_properties",
					"predicate": {
						"nbt": "{SelectedItem:{id:\"minecraft:glow_lichen\"}}"
					},
					"entity": "this"
				},
				{
					"condition": "minecraft:entity_properties",
					"predicate": {
						"nbt": "{Inventory:[{Slot:-106b,id:\"minecraft:glow_lichen\"}]}"
					},
					"entity": "this"
				},
				{
					"condition": "minecraft:entity_properties",
					"predicate": {
						"nbt": "{SelectedItem:{id:\"minecraft:redstone_torch\"}}"
					},
					"entity": "this"
				},
				{
					"condition": "minecraft:entity_properties",
					"predicate": {
						"nbt": "{Inventory:[{Slot:-106b,id:\"minecraft:redstone_torch\"}]}"
					},
					"entity": "this"
				}
			]
			}
		]
      }
    }
  },
  "rewards": {
    "function": "paint:pdl/air/7"
  },
  "requirements": [
	[
	  "light_level_7"
    ]
  ]
}